,Open,High,Low,Close
2019-01-04 00:00:00+00:00,59.614246988000005,60.1009977065,59.614246988000005,60.1009977065
2019-01-07 00:00:00+00:00,59.281069554,59.281069554,58.881406831999996,58.881406831999996
2019-01-08 00:00:00+00:00,59.4403223765,59.645633169999996,59.4403223765,59.645633169999996
2019-01-09 00:00:00+00:00,60.134441939,60.134441939,59.634868875,59.634868875
2019-01-10 00:00:00+00:00,59.0064704355,59.6445821855,59.0064704355,59.6445821855
2019-01-11 00:00:00+00:00,59.875069060499996,60.007046332499996,59.875069060499996,60.007046332499996
2019-01-14 00:00:00+00:00,59.349561037,59.402975882999996,59.349561037,59.402975882999996
2019-01-15 00:00:00+00:00,60.062883895,60.1532185005,60.062883895,60.1532185005
2019-01-16 00:00:00+00:00,60.816884966,60.903457329999995,60.816884966,60.903457329999995
2019-01-17 00:00:00+00:00,62.1522245135,62.5602698,62.1522245135,62.5602698
2019-01-18 00:00:00+00:00,62.858431408499996,63.0534768705,62.858431408499996,63.0534768705
2019-01-21 00:00:00+00:00,62.4126717835,62.4126717835,62.1946756515,62.1946756515
2019-01-22 00:00:00+00:00,62.7147967705,62.7799917035,62.7147967705,62.7799917035
2019-01-23 00:00:00+00:00,63.2863835375,63.313259564999996,63.2863835375,63.313259564999996
2019-01-24 00:00:00+00:00,62.665563536,62.665563536,62.370135135,62.370135135
2019-01-25 00:00:00+00:00,61.129637883,61.180168285,61.129637883,61.180168285
2019-01-28 00:00:00+00:00,61.0388433955,61.1869218625,61.0388433955,61.1869218625
2019-01-29 00:00:00+00:00,60.79577155849999,61.363120357,60.79577155849999,61.363120357
2019-01-30 00:00:00+00:00,61.8975457715,61.8975457715,61.5079168755,61.5079168755
2019-01-31 00:00:00+00:00,60.4890065635,60.6734076435,60.4890065635,60.6734076435
2019-02-01 00:00:00+00:00,60.2150387595,60.5532227635,60.2150387595,60.5532227635
2019-02-04 00:00:00+00:00,59.9111808755,60.1894497815,59.9111808755,60.1894497815
2019-02-05 00:00:00+00:00,60.783228961,60.783228961,60.369008911,60.369008911
2019-02-06 00:00:00+00:00,60.6037545785,60.996624173499995,60.6037545785,60.996624173499995
2019-02-07 00:00:00+00:00,61.077216884,61.077216884,60.7595299725,60.7595299725
2019-02-08 00:00:00+00:00,59.9922582305,59.9922582305,59.6485086705,59.6485086705
2019-02-11 00:00:00+00:00,58.371024825,58.674927409999995,58.371024825,58.674927409999995
2019-02-12 00:00:00+00:00,58.406452241500006,58.753898243,58.406452241500006,58.753898243
2019-02-13 00:00:00+00:00,58.1640269245,58.23076972,58.1640269245,58.23076972
2019-02-14 00:00:00+00:00,59.2775680275,59.2775680275,58.739960389000004,58.739960389000004
2019-02-15 00:00:00+00:00,58.778583815000005,59.153785292,58.778583815000005,59.153785292
2019-02-18 00:00:00+00:00,59.206154396,59.206154396,58.854329147499996,58.854329147499996
2019-02-19 00:00:00+00:00,58.8267784845,58.926415470500004,58.8267784845,58.926415470500004
2019-02-20 00:00:00+00:00,59.7665903755,59.7665903755,59.567555697,59.567555697
2019-02-21 00:00:00+00:00,59.2634602555,59.2634602555,58.9744986635,58.9744986635
2019-02-22 00:00:00+00:00,58.5238051325,58.6484496125,58.5238051325,58.6484496125
2019-02-25 00:00:00+00:00,58.1986666665,58.357604651,58.1986666665,58.357604651
2019-02-26 00:00:00+00:00,59.0520226375,59.2114477075,59.0520226375,59.2114477075
2019-02-27 00:00:00+00:00,59.549407039,59.620006352999994,59.549407039,59.620006352999994
2019-02-28 00:00:00+00:00,60.11450455,60.5001278195,60.11450455,60.5001278195
2019-03-01 00:00:00+00:00,60.1079950765,60.690369096,60.1079950765,60.690369096
2019-03-04 00:00:00+00:00,60.8569276535,61.322247911000005,60.8569276535,61.322247911000005
2019-03-05 00:00:00+00:00,61.074968386,61.074968386,60.953907207,60.953907207
2019-03-06 00:00:00+00:00,60.565636627,60.565636627,60.312283835,60.312283835
2019-03-07 00:00:00+00:00,59.809186586,60.23813979,59.809186586,60.23813979
2019-03-08 00:00:00+00:00,60.273347843500005,60.307621899,60.273347843500005,60.307621899
2019-03-11 00:00:00+00:00,60.1013790665,60.1013790665,59.988668607,59.988668607
2019-03-12 00:00:00+00:00,59.714191790499996,59.728870448500004,59.714191790499996,59.728870448500004
2019-03-13 00:00:00+00:00,58.993043668,58.993043668,58.567728353,58.567728353
2019-03-14 00:00:00+00:00,58.595364665000005,58.7032298545,58.595364665000005,58.7032298545
2019-03-15 00:00:00+00:00,58.4664506425,58.4664506425,57.680012426000005,57.680012426000005
2019-03-18 00:00:00+00:00,56.794285991500004,56.83375,56.794285991500004,56.83375
2019-03-19 00:00:00+00:00,56.823442944,56.9625402415,56.823442944,56.9625402415
2019-03-20 00:00:00+00:00,56.3530573245,56.9671344155,56.3530573245,56.9671344155
2019-03-21 00:00:00+00:00,56.9601798865,57.204514552,56.9601798865,57.204514552
2019-03-22 00:00:00+00:00,56.628545733,56.645734907999994,56.628545733,56.645734907999994
2019-03-25 00:00:00+00:00,56.713597641,56.713597641,56.6798687615,56.6798687615
2019-03-26 00:00:00+00:00,57.0815720965,57.3012935155,57.0815720965,57.3012935155
2019-03-27 00:00:00+00:00,57.7659904895,58.3357359185,57.7659904895,58.3357359185
2019-03-28 00:00:00+00:00,58.2369236845,58.720747275,58.2369236845,58.720747275
2019-03-29 00:00:00+00:00,57.6186873935,57.7371109055,57.6186873935,57.7371109055
2019-04-01 00:00:00+00:00,57.152438479,57.271681957,57.152438479,57.271681957
2019-04-02 00:00:00+00:00,57.373031961500004,57.527055016,57.373031961500004,57.527055016
2019-04-03 00:00:00+00:00,58.179351738,58.6149726625,58.179351738,58.6149726625
2019-04-04 00:00:00+00:00,59.848203448,60.209012923,59.848203448,60.209012923
2019-04-05 00:00:00+00:00,61.312973288500004,61.4086982735,61.312973288500004,61.4086982735
2019-04-08 00:00:00+00:00,61.9154392575,61.9154392575,61.681551696499994,61.681551696499994
2019-04-09 00:00:00+00:00,62.6173048965,62.6173048965,62.334022326500005,62.334022326500005
2019-04-10 00:00:00+00:00,63.9588966745,63.9588966745,63.74144261,63.74144261
2019-04-11 00:00:00+00:00,62.87106338,63.2985555985,62.87106338,63.2985555985
2019-04-12 00:00:00+00:00,63.5060806155,63.5060806155,63.35,63.35
2019-04-15 00:00:00+00:00,63.6424844585,63.6424844585,63.291901086500005,63.291901086500005
2019-04-16 00:00:00+00:00,62.73035041999999,62.7603315235,62.73035041999999,62.7603315235
2019-04-17 00:00:00+00:00,63.1846130505,63.342829386,63.1846130505,63.342829386
2019-04-18 00:00:00+00:00,63.40324407,63.40324407,63.1894667555,63.1894667555
2019-04-23 00:00:00+00:00,63.0585776855,63.3869344165,63.0585776855,63.3869344165
2019-04-24 00:00:00+00:00,63.603390157,63.603390157,63.2966282285,63.2966282285
2019-04-26 00:00:00+00:00,63.249183415000005,63.249183415000005,63.015943198,63.015943198
2019-04-29 00:00:00+00:00,63.0528818145,63.088914224999996,63.0528818145,63.088914224999996
2019-04-30 00:00:00+00:00,62.2205822385,62.363256806,62.2205822385,62.363256806
2019-05-02 00:00:00+00:00,60.8377160805,60.8377160805,60.712176196,60.712176196
2019-05-03 00:00:00+00:00,60.738456693,61.096822139500006,60.738456693,61.096822139500006
2019-05-06 00:00:00+00:00,61.326957994500006,61.60226196,61.326957994500006,61.60226196
2019-05-07 00:00:00+00:00,62.4336161175,62.4336161175,62.3906077795,62.3906077795
2019-05-08 00:00:00+00:00,62.402059979,62.490629717000004,62.402059979,62.490629717000004
2019-05-09 00:00:00+00:00,62.9827202735,62.9827202735,62.600799284000004,62.600799284000004
2019-05-10 00:00:00+00:00,61.9061586735,61.9061586735,61.437326802,61.437326802
2019-05-13 00:00:00+00:00,60.93,61.07,60.93,61.07
2019-05-14 00:00:00+00:00,60.9461727495,61.141135496000004,60.9461727495,61.141135496000004
2019-05-15 00:00:00+00:00,61.5563430235,61.5563430235,61.4782168205,61.4782168205
2019-05-16 00:00:00+00:00,61.835829311,61.8771060495,61.835829311,61.8771060495
2019-05-17 00:00:00+00:00,61.214748338,61.214748338,61.011090003,61.011090003
2019-05-20 00:00:00+00:00,60.935774673500006,60.935774673500006,60.9344588445,60.9344588445
2019-05-21 00:00:00+00:00,60.932331239999996,60.932331239999996,60.7652342405,60.7652342405
2019-05-22 00:00:00+00:00,61.536095917,61.689438734999996,61.536095917,61.689438734999996
2019-05-23 00:00:00+00:00,61.5687408375,61.5687408375,61.475763385,61.475763385
2019-05-24 00:00:00+00:00,61.401157834,61.401157834,61.3923640235,61.3923640235
2019-05-27 00:00:00+00:00,61.3818412165,61.4751536885,61.3818412165,61.4751536885
2019-05-28 00:00:00+00:00,61.5175765305,61.5175765305,61.4972127395,61.4972127395
2019-05-29 00:00:00+00:00,61.7863706705,61.7863706705,61.660543989000004,61.660543989000004
2019-05-30 00:00:00+00:00,61.477692595,61.477692595,61.4513096815,61.4513096815
2019-05-31 00:00:00+00:00,60.779525893499994,60.779525893499994,60.2973259105,60.2973259105
2019-06-03 00:00:00+00:00,59.619322709,59.635975533,59.619322709,59.635975533
2019-06-04 00:00:00+00:00,59.505576739999995,59.7170491475,59.505576739999995,59.7170491475
2019-06-05 00:00:00+00:00,59.703020154499995,60.005885214,59.703020154499995,60.005885214
2019-06-06 00:00:00+00:00,59.67,59.917741172999996,59.67,59.917741172999996
2019-06-07 00:00:00+00:00,60.539542857,60.560017632500006,60.539542857,60.560017632500006
2019-06-10 00:00:00+00:00,61.239078946999996,61.239078946999996,61.219686825,61.219686825
2019-06-11 00:00:00+00:00,61.2802019385,61.2802019385,61.000206368,61.000206368
2019-06-12 00:00:00+00:00,60.2882039835,60.4231501215,60.2882039835,60.4231501215
2019-06-13 00:00:00+00:00,60.9151091105,61.043998695499994,60.9151091105,61.043998695499994
2019-06-14 00:00:00+00:00,60.533520782,60.6175469865,60.533520782,60.6175469865
2019-06-17 00:00:00+00:00,60.5664732145,60.83759058,60.5664732145,60.83759058
2019-06-18 00:00:00+00:00,60.544330254,60.582214285999996,60.544330254,60.582214285999996
2019-06-19 00:00:00+00:00,60.381976166499996,60.381976166499996,60.190803048,60.190803048
2019-06-20 00:00:00+00:00,60.4610244785,60.4610244785,60.3749939025,60.3749939025
2019-06-21 00:00:00+00:00,60.686068249,60.9282812765,60.686068249,60.9282812765
2019-06-24 00:00:00+00:00,61.5539624575,62.042921071500004,61.5539624575,62.042921071500004
2019-06-25 00:00:00+00:00,61.967455696,62.1247722345,61.967455696,62.1247722345
2019-06-26 00:00:00+00:00,62.3184272445,62.552523489500004,62.3184272445,62.552523489500004
2019-06-27 00:00:00+00:00,62.782623762,62.782623762,62.6978525895,62.6978525895
2019-06-28 00:00:00+00:00,61.9216753755,62.0039380085,61.9216753755,62.0039380085
2019-07-01 00:00:00+00:00,62.3750213375,62.3750213375,61.9862528345,61.9862528345
2019-07-02 00:00:00+00:00,61.913098237,61.913098237,61.367776498,61.367776498
2019-07-03 00:00:00+00:00,60.4523868535,60.4523868535,60.245751057999996,60.245751057999996
2019-07-04 00:00:00+00:00,60.43681893,60.43681893,60.3780904185,60.3780904185
2019-07-05 00:00:00+00:00,60.379751773,60.990233918499996,60.379751773,60.990233918499996
2019-07-08 00:00:00+00:00,61.402383333,61.82,61.402383333,61.82
2019-07-09 00:00:00+00:00,62.114587249500005,62.114587249500005,61.776638702499994,61.776638702499994
2019-07-10 00:00:00+00:00,62.0629245285,62.480779194,62.0629245285,62.480779194
2019-07-11 00:00:00+00:00,63.384271926,63.425369515,63.384271926,63.425369515
2019-07-12 00:00:00+00:00,63.732903135499996,64.06844296899999,63.732903135499996,64.06844296899999
2019-07-15 00:00:00+00:00,65.300108108,65.300108108,65.1254320775,65.1254320775
2019-07-16 00:00:00+00:00,63.8360305165,63.8360305165,63.527733827000006,63.527733827000006
2019-07-17 00:00:00+00:00,62.757871053,62.7760562065,62.757871053,62.7760562065
2019-07-18 00:00:00+00:00,62.5944841565,62.5944841565,62.5883374845,62.5883374845
2019-07-19 00:00:00+00:00,63.225120743,63.3867857145,63.225120743,63.3867857145
2019-07-22 00:00:00+00:00,63.6106004805,63.6106004805,63.1986372745,63.1986372745
2019-07-23 00:00:00+00:00,63.531259899000005,63.685838188999995,63.531259899000005,63.685838188999995
2019-07-24 00:00:00+00:00,63.338167305,63.338167305,63.307828897,63.307828897
2019-07-25 00:00:00+00:00,63.4807435345,63.4807435345,63.2,63.2
2019-07-26 00:00:00+00:00,62.657205009500004,62.657205009500004,62.464083799,62.464083799
2019-07-29 00:00:00+00:00,62.7889291215,62.7889291215,62.3253645165,62.3253645165
2019-07-30 00:00:00+00:00,61.766738535,61.766738535,61.553482376,61.553482376
2019-07-31 00:00:00+00:00,61.8962344215,61.8962344215,61.818581421000005,61.818581421000005
2019-08-01 00:00:00+00:00,62.6280486455,62.6280486455,62.5304187625,62.5304187625
2019-08-02 00:00:00+00:00,62.13,62.48289763,62.13,62.48289763
2019-08-05 00:00:00+00:00,61.3362221495,61.3362221495,60.994488189,60.994488189
2019-08-06 00:00:00+00:00,61.0,61.0,60.93,60.93
2019-08-07 00:00:00+00:00,60.8491153845,60.8491153845,60.63,60.63
2019-08-08 00:00:00+00:00,60.623861093,60.875414160000005,60.623861093,60.875414160000005
2019-08-09 00:00:00+00:00,60.793622373999995,60.8247615385,60.793622373999995,60.8247615385
2019-08-12 00:00:00+00:00,60.4885390515,60.4885390515,60.294872263,60.294872263
2019-08-13 00:00:00+00:00,60.154981785000004,60.2260775245,60.154981785000004,60.2260775245
2019-08-14 00:00:00+00:00,60.271626177,60.271626177,59.95,59.95
2019-08-16 00:00:00+00:00,59.408814378,59.408814378,59.2802218935,59.2802218935
2019-08-19 00:00:00+00:00,59.2039323165,59.3718961255,59.2039323165,59.3718961255
2019-08-20 00:00:00+00:00,59.7429273085,59.7429273085,59.492498361,59.492498361
2019-08-21 00:00:00+00:00,59.5981008035,59.5981008035,59.4181783535,59.4181783535
2019-08-22 00:00:00+00:00,59.196076134500004,59.196076134500004,59.1930612245,59.1930612245
2019-08-23 00:00:00+00:00,58.700595823499995,58.700595823499995,58.421862880999996,58.421862880999996
2019-08-26 00:00:00+00:00,58.868269605500004,58.868269605500004,58.772983293500005,58.772983293500005
2019-08-27 00:00:00+00:00,58.1634611785,58.1634611785,58.152013237,58.152013237
2019-08-28 00:00:00+00:00,58.539851330000005,58.556489362,58.539851330000005,58.556489362
2019-08-29 00:00:00+00:00,58.4644884485,58.7677317605,58.4644884485,58.7677317605
2019-08-30 00:00:00+00:00,59.181229023,59.3695138655,59.181229023,59.3695138655
2019-09-02 00:00:00+00:00,58.1197395195,58.1197395195,57.846004707000006,57.846004707000006
2019-09-03 00:00:00+00:00,57.4069938065,57.617344414,57.4069938065,57.617344414
2019-09-04 00:00:00+00:00,57.982004831,58.076141628,57.982004831,58.076141628
2019-09-05 00:00:00+00:00,57.9434160875,58.14932272,57.9434160875,58.14932272
2019-09-06 00:00:00+00:00,58.216943319500004,58.4411519905,58.216943319500004,58.4411519905
2019-09-09 00:00:00+00:00,58.853500672500004,58.872274422000004,58.853500672500004,58.872274422000004
2019-09-10 00:00:00+00:00,60.009221748499996,61.191042495000005,60.009221748499996,61.191042495000005
2019-09-11 00:00:00+00:00,61.4737102095,61.990828750000006,61.4737102095,61.990828750000006
2019-09-12 00:00:00+00:00,61.769182602,61.769182602,61.2161742825,61.2161742825
2019-09-13 00:00:00+00:00,61.1622812325,61.67465203,61.1622812325,61.67465203
2019-09-16 00:00:00+00:00,62.273923966,62.9426506605,62.273923966,62.9426506605
2019-09-17 00:00:00+00:00,62.815525466,62.815525466,62.296357107999995,62.296357107999995
2019-09-18 00:00:00+00:00,60.809601075,60.817232911000005,60.809601075,60.817232911000005
2019-09-19 00:00:00+00:00,61.6752444605,61.6752444605,61.39,61.39
2019-09-20 00:00:00+00:00,62.1000160155,62.175011255,62.1000160155,62.175011255
2019-09-23 00:00:00+00:00,61.456105491,61.456105491,61.4123239435,61.4123239435
2019-09-24 00:00:00+00:00,61.313535931,61.313535931,61.142967999999996,61.142967999999996
2019-09-25 00:00:00+00:00,60.305858098,60.305858098,60.226971326,60.226971326
2019-09-26 00:00:00+00:00,60.655178685500005,60.6834874885,60.655178685500005,60.6834874885
2019-09-27 00:00:00+00:00,60.862317217,60.862317217,60.293817241499994,60.293817241499994
2019-09-30 00:00:00+00:00,60.471463178,60.492481451,60.471463178,60.492481451
2019-10-01 00:00:00+00:00,59.8930203935,60.4259457925,59.8930203935,60.4259457925
2019-10-02 00:00:00+00:00,59.803645078,59.803645078,59.6965384615,59.6965384615
2019-10-03 00:00:00+00:00,59.0789440205,59.0789440205,58.8015489565,58.8015489565
2019-10-04 00:00:00+00:00,58.973041666499995,58.973041666499995,58.8800674485,58.8800674485
2019-10-07 00:00:00+00:00,58.128866279,58.514036906,58.128866279,58.514036906
2019-10-08 00:00:00+00:00,58.891354863000004,58.891354863000004,58.503213577500006,58.503213577500006
2019-10-09 00:00:00+00:00,58.347514589,58.6469849975,58.347514589,58.6469849975
2019-10-10 00:00:00+00:00,59.0041010195,59.0041010195,58.962079832,58.962079832
2019-10-11 00:00:00+00:00,60.033921816,60.1935286545,60.033921816,60.1935286545
2019-10-14 00:00:00+00:00,60.105779173,60.2635985685,60.105779173,60.2635985685
2019-10-15 00:00:00+00:00,60.482268179,60.482268179,60.4271002805,60.4271002805
2019-10-16 00:00:00+00:00,60.447477254,60.8279675045,60.447477254,60.8279675045
2019-10-17 00:00:00+00:00,60.291461333,60.291461333,60.181318480499996,60.181318480499996
2019-10-18 00:00:00+00:00,60.20013346,60.232298674999996,60.20013346,60.232298674999996
2019-10-21 00:00:00+00:00,60.2589572425,60.2589572425,60.091978393000005,60.091978393000005
2019-10-22 00:00:00+00:00,59.51798696,59.51798696,59.3840464345,59.3840464345
2019-10-23 00:00:00+00:00,58.925874298,58.925874298,58.7979691875,58.7979691875
2019-10-24 00:00:00+00:00,58.6118642015,59.0271384615,58.6118642015,59.0271384615
2019-10-25 00:00:00+00:00,58.7439163495,58.779028818499995,58.7439163495,58.779028818499995
2019-10-28 00:00:00+00:00,58.209567164,58.332056294,58.209567164,58.332056294
2019-10-29 00:00:00+00:00,58.5986795775,58.5986795775,58.3971413275,58.3971413275
2019-10-30 00:00:00+00:00,58.5881868135,58.5881868135,57.8954296065,57.8954296065
2019-10-31 00:00:00+00:00,58.1789640985,58.1789640985,57.999229764999995,57.999229764999995
2019-11-04 00:00:00+00:00,57.580312500000005,57.97786418,57.580312500000005,57.97786418
2019-11-05 00:00:00+00:00,58.573663578,58.573663578,58.4316400335,58.4316400335
2019-11-06 00:00:00+00:00,58.10499002,58.10499002,58.0695969625,58.0695969625
2019-11-07 00:00:00+00:00,57.7860669315,57.7860669315,57.763536103,57.763536103
2019-11-08 00:00:00+00:00,57.4058961845,57.4058961845,57.276649048500005,57.276649048500005
2019-11-11 00:00:00+00:00,57.371017257,57.371017257,57.1826156215,57.1826156215
2019-11-12 00:00:00+00:00,56.9123986095,56.9123986095,56.4972519545,56.4972519545
2019-11-13 00:00:00+00:00,56.284172281,56.284172281,56.237184909,56.237184909
2019-11-14 00:00:00+00:00,56.524082840000005,56.524082840000005,56.278997954999994,56.278997954999994
2019-11-15 00:00:00+00:00,56.41699095,56.5673461465,56.41699095,56.5673461465
2019-11-18 00:00:00+00:00,56.351176962,56.351176962,56.275393120000004,56.275393120000004
2019-11-19 00:00:00+00:00,56.0591270405,56.0591270405,55.989503270499995,55.989503270499995
2019-11-20 00:00:00+00:00,55.727673421999995,55.879514959000005,55.727673421999995,55.879514959000005
2019-11-21 00:00:00+00:00,56.387244656,56.387244656,56.366066008999994,56.366066008999994
2019-11-22 00:00:00+00:00,57.082215532999996,57.1357910865,57.082215532999996,57.1357910865
2019-11-25 00:00:00+00:00,57.48269905,57.48269905,57.2817757715,57.2817757715
2019-11-26 00:00:00+00:00,56.9490504145,56.9490504145,56.730754222499996,56.730754222499996
2019-11-27 00:00:00+00:00,57.0425188535,57.435961277000004,57.0425188535,57.435961277000004
2019-11-28 00:00:00+00:00,57.3605048405,57.3605048405,57.2842086005,57.2842086005
2019-11-29 00:00:00+00:00,57.2041813725,57.2041813725,56.863511749,56.863511749
2019-12-02 00:00:00+00:00,56.211814888,56.211814888,55.8967957745,55.8967957745
2019-12-03 00:00:00+00:00,55.730595162499995,55.730595162499995,55.417844827500005,55.417844827500005
2019-12-04 00:00:00+00:00,55.103764962,55.103764962,55.077775861999996,55.077775861999996
2019-12-05 00:00:00+00:00,54.999180217,55.033765488499995,54.999180217,55.033765488499995
2019-12-06 00:00:00+00:00,54.836492651,54.836492651,54.821130685,54.821130685
2019-12-09 00:00:00+00:00,54.064540034000004,54.2175511305,54.064540034000004,54.2175511305
2019-12-10 00:00:00+00:00,53.731536246000005,53.784543423,53.731536246000005,53.784543423
2019-12-11 00:00:00+00:00,54.21876606,54.21876606,53.810149123,53.810149123
2019-12-12 00:00:00+00:00,53.571875752,53.887570564499995,53.571875752,53.887570564499995
2019-12-13 00:00:00+00:00,54.0139616655,54.0139616655,53.7417185625,53.7417185625
2019-12-16 00:00:00+00:00,53.1235222185,53.3656553395,53.1235222185,53.3656553395
2019-12-18 00:00:00+00:00,54.510213226,54.510213226,54.359628099,54.359628099
2019-12-19 00:00:00+00:00,54.586903452499996,54.8051581025,54.586903452499996,54.8051581025
2020-01-02 00:00:00+00:00,54.104810081,54.104810081,53.830117546,53.830117546
2020-01-03 00:00:00+00:00,54.4826129945,54.753104027,54.4826129945,54.753104027
2020-01-07 00:00:00+00:00,54.2231652175,54.428274588,54.2231652175,54.428274588
2020-01-08 00:00:00+00:00,54.592848423,54.6947180585,54.592848423,54.6947180585
2020-01-09 00:00:00+00:00,54.980208211000004,55.3564675195,54.980208211000004,55.3564675195
2020-01-10 00:00:00+00:00,55.5415490595,55.5415490595,55.374949822999994,55.374949822999994
2020-01-13 00:00:00+00:00,55.399341421,55.490779401500006,55.399341421,55.490779401500006
2020-01-14 00:00:00+00:00,54.8154335495,54.8154335495,54.785722566000004,54.785722566000004
2020-01-15 00:00:00+00:00,54.82787062,54.82787062,54.721775401,54.721775401
2020-01-16 00:00:00+00:00,54.9087969925,54.9087969925,54.47986223,54.47986223
2020-01-17 00:00:00+00:00,54.213301852,54.256681716,54.213301852,54.256681716
2020-01-20 00:00:00+00:00,53.7426373215,53.7426373215,53.471444605,53.471444605
2020-01-21 00:00:00+00:00,53.4372448295,53.4372448295,53.3257876495,53.3257876495
2020-01-22 00:00:00+00:00,53.540537442499996,53.540537442499996,53.490544629,53.490544629
2020-01-23 00:00:00+00:00,52.678699296000005,52.678699296000005,52.4991584415,52.4991584415
2020-01-24 00:00:00+00:00,52.637759900999995,52.637759900999995,52.416439885,52.416439885
2020-01-27 00:00:00+00:00,52.038627679,52.258206405500005,52.038627679,52.258206405500005
2020-01-28 00:00:00+00:00,52.542584765499996,52.542584765499996,52.5282981625,52.5282981625
2020-01-29 00:00:00+00:00,52.540782738000004,52.540782738000004,52.401310277,52.401310277
2020-01-30 00:00:00+00:00,51.63,51.63,51.45,51.45
2020-01-31 00:00:00+00:00,50.73,50.93,50.73,50.93
2020-02-03 00:00:00+00:00,49.95,49.95,49.86,49.86
2020-02-04 00:00:00+00:00,50.07,50.23,50.07,50.23
2020-02-05 00:00:00+00:00,50.84,51.09,50.84,51.09
2020-02-06 00:00:00+00:00,50.96,50.96,50.91,50.91
2020-02-07 00:00:00+00:00,51.25,51.28,51.25,51.28
2020-02-10 00:00:00+00:00,50.89,50.89,50.76,50.76
2020-02-11 00:00:00+00:00,51.1,51.2,51.1,51.2
2020-02-12 00:00:00+00:00,51.85,52.11,51.85,52.11
2020-02-13 00:00:00+00:00,51.86,52.6,51.86,52.6
2020-02-14 00:00:00+00:00,52.92,53.01,52.92,53.01
2020-02-17 00:00:00+00:00,52.96,53.59,52.96,53.59
2020-02-18 00:00:00+00:00,54.21,54.21,53.51,53.51
2020-02-19 00:00:00+00:00,53.27,53.27,52.94,52.94
2020-02-20 00:00:00+00:00,53.17,53.17,52.83,52.83
2020-02-21 00:00:00+00:00,52.35,52.51,52.35,52.51
2020-02-24 00:00:00+00:00,51.38,51.38,51.06,51.06
2020-02-25 00:00:00+00:00,50.85,51.04,50.85,51.04
2020-02-26 00:00:00+00:00,50.39,50.59,50.39,50.59
2020-02-27 00:00:00+00:00,50.56,50.56,50.4,50.4
2020-02-28 00:00:00+00:00,49.97,50.11,49.97,50.11
2020-03-02 00:00:00+00:00,50.54,50.54,50.26,50.26
2020-03-03 00:00:00+00:00,50.63,51.11,50.63,51.11
2020-03-04 00:00:00+00:00,50.94,51.29,50.94,51.29
2020-03-05 00:00:00+00:00,51.08,51.08,50.87,50.87
2020-03-06 00:00:00+00:00,50.39,50.63,50.39,50.63
2020-03-09 00:00:00+00:00,48.65,48.84,48.65,48.84
2020-03-10 00:00:00+00:00,49.58,49.73,49.58,49.73
2020-03-11 00:00:00+00:00,50.01,50.01,49.83,49.83
2020-03-12 00:00:00+00:00,48.89,48.89,48.75,48.75
2020-03-13 00:00:00+00:00,48.78,48.78,48.76,48.76
2020-03-16 00:00:00+00:00,47.4,47.4,46.8,46.8
2020-03-17 00:00:00+00:00,46.08,46.08,45.55,45.55
2020-03-18 00:00:00+00:00,44.37,44.37,43.99,43.99
2020-03-19 00:00:00+00:00,44.09,44.09,43.48,43.48
2020-03-20 00:00:00+00:00,44.14,44.14,44.08,44.08
2020-03-23 00:00:00+00:00,42.68,42.89,42.68,42.89
2020-03-24 00:00:00+00:00,44.2,44.46,44.2,44.46
2020-03-25 00:00:00+00:00,44.83,44.83,44.24,44.24
2020-03-26 00:00:00+00:00,44.16,44.56,44.16,44.56
2020-03-27 00:00:00+00:00,44.0,44.0,43.9,43.9
2020-03-30 00:00:00+00:00,43.79,43.86,43.79,43.86
2020-03-31 00:00:00+00:00,44.53,44.6,44.53,44.6
2020-04-01 00:00:00+00:00,43.94,44.03,43.94,44.03
2020-04-02 00:00:00+00:00,44.42,44.42,44.41,44.41
2020-04-03 00:00:00+00:00,44.98,45.18,44.98,45.18
2020-04-06 00:00:00+00:00,45.87,47.38,45.87,47.38
2020-04-07 00:00:00+00:00,48.12,48.32,48.12,48.32
2020-04-08 00:00:00+00:00,47.27,47.67,47.27,47.67
2020-04-09 00:00:00+00:00,47.76,47.78,47.76,47.78
2020-04-14 00:00:00+00:00,46.96,46.96,46.8,46.8
2020-04-15 00:00:00+00:00,46.22,46.22,46.05,46.05
2020-04-16 00:00:00+00:00,47.33,47.59,47.33,47.59
2020-04-17 00:00:00+00:00,48.11,48.48,48.11,48.48
2020-04-20 00:00:00+00:00,48.3,48.3,47.75,47.75
2020-04-21 00:00:00+00:00,46.83,46.83,46.52,46.52
2020-04-22 00:00:00+00:00,46.78,47.36,46.78,47.36
2020-04-23 00:00:00+00:00,46.81,46.81,46.77,46.77
2020-04-24 00:00:00+00:00,46.53,46.53,46.53,46.53
2020-04-27 00:00:00+00:00,45.94,45.94,45.88,45.88
2020-04-28 00:00:00+00:00,45.81,46.24,45.81,46.24
2020-04-29 00:00:00+00:00,46.38,46.38,46.06,46.06
2020-04-30 00:00:00+00:00,45.83,45.9,45.83,45.9
2020-05-04 00:00:00+00:00,45.46,45.46,45.42,45.42
2020-05-05 00:00:00+00:00,45.81,45.81,45.71,45.71
2020-05-06 00:00:00+00:00,45.63,45.63,45.49,45.49
2020-05-07 00:00:00+00:00,45.85,45.85,45.82,45.82
2020-05-08 00:00:00+00:00,46.22,46.38,46.22,46.38
2020-05-11 00:00:00+00:00,46.28,46.28,46.25,46.25
2020-05-12 00:00:00+00:00,45.9,45.9,45.6,45.6
2020-05-13 00:00:00+00:00,45.13,45.22,45.13,45.22
2020-05-14 00:00:00+00:00,45.26,45.32,45.26,45.32
2020-05-15 00:00:00+00:00,46.18,46.18,45.94,45.94
2020-05-18 00:00:00+00:00,46.4,46.4,46.35,46.35
2020-05-19 00:00:00+00:00,46.22,46.33,46.22,46.33
2020-05-20 00:00:00+00:00,46.58,46.84,46.58,46.84
2020-05-21 00:00:00+00:00,46.73,46.73,46.47,46.47
2020-05-22 00:00:00+00:00,46.01,46.13,46.01,46.13
2020-05-25 00:00:00+00:00,46.73,46.88,46.73,46.88
2020-05-26 00:00:00+00:00,47.12,47.27,47.12,47.27
2020-05-27 00:00:00+00:00,46.55,46.58,46.55,46.58
2020-05-28 00:00:00+00:00,46.2,46.2,46.19,46.19
2020-05-29 00:00:00+00:00,46.24,46.24,46.18,46.18
2020-06-01 00:00:00+00:00,45.61,45.66,45.61,45.66
2020-06-03 00:00:00+00:00,46.66,46.86,46.66,46.86
2020-06-04 00:00:00+00:00,46.73,47.0,46.73,47.0
2020-06-05 00:00:00+00:00,47.42,47.94,47.42,47.94
2020-06-08 00:00:00+00:00,47.96,48.08,47.96,48.08
2020-06-09 00:00:00+00:00,47.19,47.19,47.14,47.14
2020-06-10 00:00:00+00:00,47.0,47.29,47.0,47.29
2020-06-11 00:00:00+00:00,46.95,46.95,46.92,46.92
2020-06-12 00:00:00+00:00,46.9,46.91,46.9,46.91
2020-06-15 00:00:00+00:00,46.37,46.39,46.37,46.39
2020-06-16 00:00:00+00:00,47.12,47.3,47.12,47.3
2020-06-17 00:00:00+00:00,47.13,47.13,47.06,47.06
2020-06-18 00:00:00+00:00,47.71,47.91,47.71,47.91
2020-06-19 00:00:00+00:00,48.35,48.35,48.32,48.32
2020-06-22 00:00:00+00:00,48.56,48.56,48.25,48.25
2020-06-23 00:00:00+00:00,48.83,48.85,48.83,48.85
2020-06-24 00:00:00+00:00,48.66,48.87,48.66,48.87
2020-06-25 00:00:00+00:00,48.25,48.25,48.09,48.09
2020-06-26 00:00:00+00:00,48.18,48.18,48.17,48.17
2020-06-29 00:00:00+00:00,48.28,48.71,48.28,48.71
2020-06-30 00:00:00+00:00,49.02,49.35,49.02,49.35
2020-07-01 00:00:00+00:00,49.54,49.54,49.41,49.41
2020-07-02 00:00:00+00:00,49.5,49.53,49.5,49.53
2020-07-03 00:00:00+00:00,49.33,49.75,49.33,49.75
2020-07-06 00:00:00+00:00,51.03,51.08,51.03,51.08
2020-07-07 00:00:00+00:00,51.28,51.49,51.28,51.49
2020-07-08 00:00:00+00:00,50.6,50.91,50.6,50.91
2020-07-09 00:00:00+00:00,50.76,51.05,50.76,51.05
2020-07-10 00:00:00+00:00,50.29,50.47,50.29,50.47
2020-07-13 00:00:00+00:00,51.7,51.7,51.54,51.54
2020-07-14 00:00:00+00:00,50.78,50.78,50.53,50.53
2020-07-15 00:00:00+00:00,50.99,50.99,50.61,50.61
2020-07-16 00:00:00+00:00,50.12,50.12,50.03,50.03
2020-07-17 00:00:00+00:00,49.5,49.5,49.38,49.38
2020-07-20 00:00:00+00:00,48.73,48.73,48.1,48.1
2020-07-21 00:00:00+00:00,48.24,48.24,47.95,47.95
2020-07-22 00:00:00+00:00,47.84,47.97,47.84,47.97
2020-07-23 00:00:00+00:00,48.13,48.13,48.05,48.05
2020-07-24 00:00:00+00:00,47.7,47.7,47.45,47.45
2020-07-27 00:00:00+00:00,46.62,46.62,46.5,46.5
2020-07-28 00:00:00+00:00,46.54,46.69,46.54,46.69
2020-07-29 00:00:00+00:00,47.21,47.21,47.21,47.21
2020-07-30 00:00:00+00:00,46.72,46.72,46.66,46.66
2020-07-31 00:00:00+00:00,46.98,46.98,46.91,46.91
2020-08-03 00:00:00+00:00,46.74,46.9,46.74,46.9
2020-08-04 00:00:00+00:00,47.26,47.6,47.26,47.6
2020-08-05 00:00:00+00:00,48.01,48.02,48.01,48.02
2020-08-06 00:00:00+00:00,48.39,48.5,48.39,48.5
2020-08-07 00:00:00+00:00,48.3,48.41,48.3,48.41
2020-08-10 00:00:00+00:00,48.6,48.6,48.35,48.35
2020-08-11 00:00:00+00:00,48.6,48.6,48.38,48.38
2020-08-12 00:00:00+00:00,47.9,47.9,47.69,47.69
2020-08-13 00:00:00+00:00,47.71,47.71,47.71,47.71
2020-08-14 00:00:00+00:00,47.28,47.42,47.28,47.42
2020-08-17 00:00:00+00:00,47.61,47.93,47.61,47.93
2020-08-18 00:00:00+00:00,48.28,48.46,48.28,48.46
2020-08-19 00:00:00+00:00,48.8,48.8,48.8,48.8
2020-08-20 00:00:00+00:00,48.15,48.25,48.15,48.25
2020-08-21 00:00:00+00:00,47.85,47.85,47.79,47.79
2020-08-24 00:00:00+00:00,48.55,48.71,48.55,48.71
2020-08-25 00:00:00+00:00,49.04,49.61,49.04,49.61
2020-08-26 00:00:00+00:00,50.18,50.38,50.18,50.38
2020-08-27 00:00:00+00:00,49.97,50.15,49.97,50.15
2020-08-28 00:00:00+00:00,51.32,51.32,51.19,51.19
2020-08-31 00:00:00+00:00,51.43,51.43,50.63,50.63
2020-09-01 00:00:00+00:00,51.1,51.1,50.91,50.91
2020-09-02 00:00:00+00:00,50.9,50.9,50.47,50.47
2020-09-03 00:00:00+00:00,50.89,51.04,50.89,51.04
2020-09-04 00:00:00+00:00,51.12,51.12,50.87,50.87
2020-09-07 00:00:00+00:00,49.95,49.95,49.95,49.95
2020-09-08 00:00:00+00:00,49.67,49.67,49.33,49.33
2020-09-09 00:00:00+00:00,49.08,49.17,49.08,49.17
2020-09-10 00:00:00+00:00,49.28,49.38,49.28,49.38
2020-09-11 00:00:00+00:00,49.25,49.27,49.25,49.27
2020-09-14 00:00:00+00:00,50.29,50.54,50.29,50.54
2020-09-15 00:00:00+00:00,50.66,50.89,50.66,50.89
2020-09-16 00:00:00+00:00,50.94,50.94,50.78,50.78
2020-09-17 00:00:00+00:00,50.54,50.54,50.5,50.5
2020-09-18 00:00:00+00:00,49.97,50.06,49.97,50.06
2020-09-21 00:00:00+00:00,49.65,49.65,49.16,49.16
2020-09-22 00:00:00+00:00,48.67,49.0,48.67,49.0
2020-09-23 00:00:00+00:00,49.34,49.34,49.17,49.17
2020-09-24 00:00:00+00:00,48.94,48.94,48.92,48.92
2020-09-25 00:00:00+00:00,48.73,48.78,48.73,48.78
2020-09-28 00:00:00+00:00,49.05,49.59,49.05,49.59
2020-09-29 00:00:00+00:00,49.97,49.97,49.95,49.95
2020-09-30 00:00:00+00:00,49.28,49.28,49.15,49.15
2020-10-01 00:00:00+00:00,48.97,48.97,48.85,48.85
2020-10-02 00:00:00+00:00,48.21,48.32,48.21,48.32
2020-10-05 00:00:00+00:00,48.84,48.99,48.84,48.99
2020-10-06 00:00:00+00:00,48.88,48.89,48.88,48.89
2020-10-07 00:00:00+00:00,49.22,49.22,49.06,49.06
2020-10-08 00:00:00+00:00,48.73,49.21,48.73,49.21
2020-10-09 00:00:00+00:00,48.73,48.73,48.67,48.67
2020-10-12 00:00:00+00:00,48.14,48.14,48.07,48.07
2020-10-13 00:00:00+00:00,47.77,47.9,47.77,47.9
2020-10-14 00:00:00+00:00,47.84,48.23,47.84,48.23
2020-10-15 00:00:00+00:00,47.95,47.95,47.59,47.59
2020-10-16 00:00:00+00:00,48.21,48.21,48.03,48.03
2020-10-19 00:00:00+00:00,48.35,48.35,48.1,48.1
2020-10-20 00:00:00+00:00,47.83,47.87,47.83,47.87
2020-10-21 00:00:00+00:00,47.41,47.45,47.41,47.45
2020-10-22 00:00:00+00:00,47.35,47.61,47.35,47.61
2020-10-23 00:00:00+00:00,48.63,48.63,48.57,48.57
2020-10-26 00:00:00+00:00,47.87,48.18,47.87,48.18
2020-10-27 00:00:00+00:00,47.0,47.0,46.93,46.93
2020-10-28 00:00:00+00:00,46.48,46.48,46.41,46.41
2020-10-29 00:00:00+00:00,45.86,45.86,45.64,45.64
2020-10-30 00:00:00+00:00,45.36,45.58,45.36,45.58
2020-11-02 00:00:00+00:00,44.67,44.78,44.67,44.78
2020-11-03 00:00:00+00:00,45.79,45.79,45.46,45.46
2020-11-04 00:00:00+00:00,45.48,45.63,45.48,45.63
2020-11-05 00:00:00+00:00,46.88,46.97,46.88,46.97
2020-11-06 00:00:00+00:00,46.47,46.89,46.47,46.89
2020-11-09 00:00:00+00:00,46.17,47.55,46.17,47.55
2020-11-10 00:00:00+00:00,47.18,47.36,47.18,47.36
2020-11-11 00:00:00+00:00,47.85,48.02,47.85,48.02
2020-11-12 00:00:00+00:00,47.47,47.47,47.41,47.41
2020-11-13 00:00:00+00:00,47.63,47.81,47.63,47.81
2020-11-16 00:00:00+00:00,48.38,48.58,48.38,48.58
2020-11-17 00:00:00+00:00,48.31,48.31,48.07,48.07
2020-11-18 00:00:00+00:00,48.43,48.43,48.2,48.2
2020-11-19 00:00:00+00:00,47.37,47.37,47.25,47.25
2020-11-20 00:00:00+00:00,46.93,46.93,46.82,46.82
2020-11-23 00:00:00+00:00,47.72,47.82,47.72,47.82
2020-11-24 00:00:00+00:00,47.79,48.12,47.79,48.12
2020-11-25 00:00:00+00:00,49.04,49.16,49.04,49.16
2020-11-26 00:00:00+00:00,49.26,49.32,49.26,49.32
2020-11-27 00:00:00+00:00,49.83,49.83,49.78,49.78
2020-11-30 00:00:00+00:00,50.89,50.96,50.89,50.96
2020-12-01 00:00:00+00:00,51.45,51.45,50.96,50.96
2020-12-02 00:00:00+00:00,50.22,50.73,50.22,50.73
2020-12-03 00:00:00+00:00,50.44,50.52,50.44,50.52
2020-12-04 00:00:00+00:00,50.94,51.12,50.94,51.12
2020-12-07 00:00:00+00:00,51.05,51.05,51.05,51.05
2020-12-09 00:00:00+00:00,51.39,51.42,51.39,51.42
2020-12-10 00:00:00+00:00,52.05,52.17,52.05,52.17
2020-12-11 00:00:00+00:00,52.35,52.59,52.35,52.59
2020-12-14 00:00:00+00:00,53.96,54.39,53.96,54.39
2020-12-15 00:00:00+00:00,55.28,55.28,55.01,55.01
2020-12-16 00:00:00+00:00,55.09,55.09,54.96,54.96
2020-12-18 00:00:00+00:00,53.5,53.5,53.47,53.47
2020-12-21 00:00:00+00:00,54.19,54.19,54.16,54.16
2021-01-04 00:00:00+00:00,56.46,56.46,56.05,56.05
2021-01-05 00:00:00+00:00,54.99,54.99,54.72,54.72
2021-01-07 00:00:00+00:00,55.85,55.92,55.85,55.92
2021-01-08 00:00:00+00:00,56.55,56.55,56.28,56.28
2021-01-11 00:00:00+00:00,56.38,56.38,56.22,56.22
2021-01-12 00:00:00+00:00,57.72,57.78,57.72,57.78
2021-01-13 00:00:00+00:00,56.72,56.72,56.71,56.71
2021-01-14 00:00:00+00:00,55.79,55.79,55.73,55.73
2021-01-15 00:00:00+00:00,55.6,55.6,55.03,55.03
2021-01-18 00:00:00+00:00,55.15,55.15,54.97,54.97
2021-01-19 00:00:00+00:00,55.62,55.85,55.62,55.85
2021-01-20 00:00:00+00:00,56.55,56.55,56.1,56.1
2021-01-21 00:00:00+00:00,56.31,56.78,56.31,56.78
2021-01-22 00:00:00+00:00,57.0,57.0,56.8,56.8
2021-01-25 00:00:00+00:00,56.88,56.88,56.43,56.43
2021-01-26 00:00:00+00:00,55.85,55.85,55.62,55.62
2021-01-27 00:00:00+00:00,55.38,55.41,55.38,55.41
2021-01-28 00:00:00+00:00,56.4,56.4,56.38,56.38
2021-01-29 00:00:00+00:00,56.52907157894675,56.52907157894675,56.34068981698718,56.34068981698718
2021-02-01 00:00:00+00:00,55.53,55.53,55.51,55.51
2021-02-02 00:00:00+00:00,55.89,56.32,55.89,56.32
2021-02-03 00:00:00+00:00,57.0,57.22,57.0,57.22
2021-02-04 00:00:00+00:00,57.76,57.76,57.62,57.62
2021-02-05 00:00:00+00:00,58.51,58.64,58.51,58.64
2021-02-08 00:00:00+00:00,59.63,59.63,59.48,59.48
2021-02-09 00:00:00+00:00,59.1,59.1,58.91,58.91
2021-02-10 00:00:00+00:00,59.22,59.5,59.22,59.5
2021-02-11 00:00:00+00:00,59.19,59.19,58.45,58.45
2021-02-12 00:00:00+00:00,57.53,58.22,57.53,58.22
2021-02-15 00:00:00+00:00,58.41,58.46,58.41,58.46
2021-02-16 00:00:00+00:00,58.7,58.7,58.34,58.34
2021-02-17 00:00:00+00:00,58.28,58.28,58.16,58.16
2021-02-18 00:00:00+00:00,58.14,58.14,58.1,58.1
2021-02-19 00:00:00+00:00,58.48,58.48,58.0,58.0
2021-02-22 00:00:00+00:00,57.13,57.13,57.07,57.07
2021-02-23 00:00:00+00:00,57.67,57.67,57.53,57.53
2021-02-24 00:00:00+00:00,58.14,58.14,58.06,58.06
2021-02-25 00:00:00+00:00,58.6,58.6,58.42,58.42
2021-02-26 00:00:00+00:00,57.98,57.98,57.88,57.88
2021-03-01 00:00:00+00:00,58.42,58.42,58.07,58.07
2021-03-02 00:00:00+00:00,57.99,57.99,57.97,57.97
2021-03-03 00:00:00+00:00,57.98,57.98,57.71,57.71
2021-03-04 00:00:00+00:00,57.64,57.64,57.64,57.64
2021-03-05 00:00:00+00:00,58.33,58.52,58.33,58.52
2021-03-08 00:00:00+00:00,58.98,59.02,58.98,59.02
2021-03-09 00:00:00+00:00,59.88,59.88,59.81,59.81
2021-03-10 00:00:00+00:00,60.65,60.81,60.65,60.81
2021-03-11 00:00:00+00:00,60.79,61.27,60.79,61.27
2021-03-12 00:00:00+00:00,61.08,61.77,61.08,61.77
2021-03-15 00:00:00+00:00,62.33,62.33,62.08,62.08
2021-03-16 00:00:00+00:00,60.9,61.05,60.9,61.05
2021-03-17 00:00:00+00:00,61.05,61.05,61.05,61.05
2021-03-18 00:00:00+00:00,62.68,62.68,62.04,62.04
2021-03-19 00:00:00+00:00,61.33,61.33,61.0,61.0
2021-03-22 00:00:00+00:00,61.68,61.9,61.68,61.9
2021-03-23 00:00:00+00:00,61.82,61.82,61.5,61.5
2021-03-24 00:00:00+00:00,61.45,61.49,61.45,61.49
2021-03-25 00:00:00+00:00,61.61,61.61,60.98,60.98
2021-03-26 00:00:00+00:00,61.7,61.71,61.7,61.71
2021-03-29 00:00:00+00:00,61.43,61.8,61.43,61.8
2021-03-30 00:00:00+00:00,62.05,62.05,62.04,62.04
2021-03-31 00:00:00+00:00,62.4,62.43,62.4,62.43
2021-04-01 00:00:00+00:00,62.56,62.56,62.37,62.37
2021-04-06 00:00:00+00:00,63.04,63.34,63.04,63.34
2021-04-07 00:00:00+00:00,63.28,63.28,63.16,63.16
2021-04-08 00:00:00+00:00,62.88,62.88,62.34,62.34
2021-04-09 00:00:00+00:00,62.3,62.31,62.3,62.31
2021-04-12 00:00:00+00:00,62.67,62.79,62.67,62.79
2021-04-13 00:00:00+00:00,62.86,62.91,62.86,62.91
2021-04-14 00:00:00+00:00,62.6,62.6,62.08,62.08
2021-04-15 00:00:00+00:00,62.95,62.95,62.92,62.92
2021-04-16 00:00:00+00:00,63.61,63.61,63.41,63.41
2021-04-19 00:00:00+00:00,63.65,63.65,63.6,63.6
2021-04-20 00:00:00+00:00,63.17,63.52,63.17,63.52
2021-04-21 00:00:00+00:00,63.67,63.93000000000001,63.67,63.93000000000001
2021-04-22 00:00:00+00:00,64.91,64.91,64.82,64.82
2021-04-23 00:00:00+00:00,64.06,64.19,64.06,64.19
2021-04-26 00:00:00+00:00,64.45,64.45,64.08,64.08
2021-04-27 00:00:00+00:00,63.93000000000001,64.67,63.93000000000001,64.67
2021-04-28 00:00:00+00:00,65.33,65.33,65.03,65.03
2021-04-29 00:00:00+00:00,65.15,65.63,65.15,65.63
2021-04-30 00:00:00+00:00,66.23,66.35,66.23,66.35
2021-05-03 00:00:00+00:00,67.29,67.34,67.29,67.34
2021-05-04 00:00:00+00:00,67.38,67.38,67.08,67.08
2021-05-05 00:00:00+00:00,67.29,67.68,67.29,67.68
2021-05-06 00:00:00+00:00,68.75,69.31,68.75,69.31
2021-05-07 00:00:00+00:00,68.99,69.06,68.99,69.06
2021-05-10 00:00:00+00:00,70.91,71.4,70.91,71.4
2021-05-11 00:00:00+00:00,71.55,72.22,71.55,72.22
2021-05-12 00:00:00+00:00,74.16,74.35,74.16,74.35
2021-05-13 00:00:00+00:00,72.66,73.37,72.66,73.37
2021-05-14 00:00:00+00:00,75.0,75.11,75.0,75.11
2021-05-17 00:00:00+00:00,74.3,74.85,74.3,74.85
2021-05-18 00:00:00+00:00,73.79,73.79,72.39,72.39
2021-05-19 00:00:00+00:00,69.38,69.38,67.58,67.58
2021-05-20 00:00:00+00:00,68.35,70.14,68.35,70.14
2021-05-21 00:00:00+00:00,71.34,71.34,70.44,70.44
2021-05-25 00:00:00+00:00,71.32,71.37,71.32,71.37
2021-05-26 00:00:00+00:00,72.59,72.59,72.36,72.36
2021-05-27 00:00:00+00:00,70.97,70.97,70.46,70.46
2021-05-28 00:00:00+00:00,69.42,69.42,69.4,69.4
2021-06-01 00:00:00+00:00,71.46,71.46,71.43,71.43
2021-06-03 00:00:00+00:00,70.45,70.45,69.14,69.14
2021-06-04 00:00:00+00:00,68.53,69.74,68.53,69.74
2021-06-07 00:00:00+00:00,70.03,70.42,70.03,70.42
2021-06-08 00:00:00+00:00,71.47,71.5,71.47,71.5
2021-06-09 00:00:00+00:00,72.43,72.43,72.4,72.4
2021-06-10 00:00:00+00:00,72.53,72.98,72.53,72.98
2021-06-11 00:00:00+00:00,72.93,72.93,72.23,72.23
2021-06-14 00:00:00+00:00,73.89386951833566,73.89386951833566,73.40356068661842,73.40356068661842
2021-06-15 00:00:00+00:00,72.19026653642231,72.19026653642231,71.87845279004861,71.87845279004861
2021-06-16 00:00:00+00:00,71.90216138328404,72.31690661478507,71.90216138328404,72.31690661478507
2021-06-17 00:00:00+00:00,71.91602504368113,71.91602504368113,71.90763021626468,71.90763021626468
2021-06-18 00:00:00+00:00,72.80841686555254,73.21170831963208,72.80841686555254,73.21170831963208
2021-06-21 00:00:00+00:00,74.4895060008587,74.4895060008587,74.2590692381396,74.2590692381396
2021-06-22 00:00:00+00:00,74.76842715231737,74.9636711943944,74.76842715231737,74.9636711943944
2021-06-23 00:00:00+00:00,75.63902934761188,76.501905261686,75.63902934761188,76.501905261686
2021-06-24 00:00:00+00:00,77.15659730979328,77.15659730979328,76.82313760379515,76.82313760379515
2021-06-25 00:00:00+00:00,77.64787969094937,77.70776853437573,77.64787969094937,77.70776853437573
2021-06-28 00:00:00+00:00,77.70884727061673,77.92291967639554,77.70884727061673,77.92291967639554
2021-06-29 00:00:00+00:00,78.6535913853308,79.40586950103341,78.6535913853308,79.40586950103341
2021-06-30 00:00:00+00:00,79.71780050083464,80.44294308536703,79.71780050083464,80.44294308536703
2021-07-01 00:00:00+00:00,82.53716830149813,82.53716830149813,82.01521084337426,82.01521084337426
2021-07-02 00:00:00+00:00,81.31645050055738,81.60055658627073,81.31645050055738,81.60055658627073
2021-07-05 00:00:00+00:00,82.7954023589152,82.7954023589152,82.77198742035134,82.77198742035134
2021-07-06 00:00:00+00:00,82.20782367199061,82.20782367199061,79.99497946389938,79.99497946389938
2021-07-07 00:00:00+00:00,80.2992106373938,80.2992106373938,78.96361508390329,78.96361508390329
2021-07-08 00:00:00+00:00,76.7340087719287,77.80102445472431,76.7340087719287,77.80102445472431
2021-07-09 00:00:00+00:00,80.22782114392936,80.22782114392936,79.90607832278906,79.90607832278906
2021-07-12 00:00:00+00:00,78.84169625564817,78.84169625564817,78.57041449521137,78.57041449521137
2021-07-13 00:00:00+00:00,78.76394617459647,78.76394617459647,78.61516445066304,78.61516445066304
2021-07-14 00:00:00+00:00,78.40076149425164,78.40076149425164,78.31734782608844,78.31734782608844
2021-07-15 00:00:00+00:00,77.92907350427332,77.96783554741175,77.92907350427332,77.96783554741175
2021-07-16 00:00:00+00:00,78.62810926036157,78.62810926036157,78.32815991996299,78.32815991996299
2021-07-19 00:00:00+00:00,79.38504764497648,79.38504764497648,78.47119582372707,78.47119582372707
2021-07-20 00:00:00+00:00,77.45699876809427,77.45699876809427,76.8615281088598,76.8615281088598
2021-07-21 00:00:00+00:00,77.71398210088316,78.1194193843348,77.71398210088316,78.1194193843348
2021-07-22 00:00:00+00:00,77.87212350730202,77.87212350730202,77.57129902264136,77.57129902264136
2021-07-23 00:00:00+00:00,77.56443181818292,77.72836632155955,77.56443181818292,77.72836632155955
2021-07-26 00:00:00+00:00,79.2616269462977,79.5040081072133,79.2616269462977,79.5040081072133
2021-07-27 00:00:00+00:00,80.18056889247512,80.24624781170974,80.18056889247512,80.24624781170974
2021-07-28 00:00:00+00:00,81.28836019621417,81.66079309591376,81.28836019621417,81.66079309591376
2021-07-29 00:00:00+00:00,82.69218046547425,82.88809275120164,82.69218046547425,82.88809275120164
2021-07-30 00:00:00+00:00,82.37015702736213,82.39512318840836,82.37015702736213,82.39512318840836
2021-08-02 00:00:00+00:00,84.72642054839514,84.72642054839514,84.5696056241399,84.5696056241399
2021-08-03 00:00:00+00:00,84.43851664490995,84.43851664490995,84.17442783815815,84.17442783815815
2021-08-04 00:00:00+00:00,84.8832344795743,84.8832344795743,84.74641559530708,84.74641559530708
2021-08-05 00:00:00+00:00,85.03557149576542,85.99813666575784,85.03557149576542,85.99813666575784
2021-08-06 00:00:00+00:00,88.4929098497502,88.4929098497502,88.34731558364983,88.34731558364983
2021-08-09 00:00:00+00:00,88.29667625895362,88.73321594096168,88.29667625895362,88.73321594096168
2021-08-10 00:00:00+00:00,90.46548250206132,90.63184882304895,90.46548250206132,90.63184882304895
2021-08-11 00:00:00+00:00,90.60934017253302,91.84695137976053,90.60934017253302,91.84695137976053
2021-08-12 00:00:00+00:00,93.29754915826183,93.58317905258855,93.29754915826183,93.58317905258855
2021-08-13 00:00:00+00:00,92.36608951832491,92.36608951832491,91.99925542406308,91.99925542406308
2021-08-16 00:00:00+00:00,94.56231321976246,95.0461341354711,94.56231321976246,95.0461341354711
2021-08-17 00:00:00+00:00,95.25887662012823,95.25887662012823,95.00262423598417,95.00262423598417
2021-08-18 00:00:00+00:00,95.2618143986665,95.2618143986665,93.58502044860063,93.58502044860063
2021-08-19 00:00:00+00:00,89.32226127776707,89.32226127776707,87.88451724510298,87.88451724510298
2021-08-20 00:00:00+00:00,88.05812528578141,88.05812528578141,88.03642725694382,88.03642725694382
2021-08-23 00:00:00+00:00,90.787394266917,90.787394266917,89.32405487300241,89.32405487300241
2021-08-24 00:00:00+00:00,91.48235842257509,92.12853246753119,91.48235842257509,92.12853246753119
2021-08-25 00:00:00+00:00,92.30035221603,92.30035221603,91.69298563398499,91.69298563398499
2021-08-26 00:00:00+00:00,91.29531601123523,92.32592227793934,91.29531601123523,92.32592227793934
2021-08-27 00:00:00+00:00,93.34238366682128,93.75816424346795,93.34238366682128,93.75816424346795
2021-08-30 00:00:00+00:00,96.13015111695144,96.13015111695144,96.09999195710445,96.09999195710445
2021-08-31 00:00:00+00:00,95.93497089733089,96.40196377960686,95.93497089733089,96.40196377960686
2021-09-01 00:00:00+00:00,98.94274800308852,98.94274800308852,97.7507925237571,97.7507925237571
2021-09-02 00:00:00+00:00,97.42721527320464,99.19386296143283,97.42721527320464,99.19386296143283
2021-09-03 00:00:00+00:00,99.62794886694192,99.62794886694192,99.53499897140665,99.53499897140665
2021-09-06 00:00:00+00:00,101.06294674982385,101.06294674982385,100.87019303969966,100.87019303969966
2021-09-07 00:00:00+00:00,101.3075252290098,102.14004765909883,101.3075252290098,102.14004765909883
2021-09-08 00:00:00+00:00,103.67083428029467,104.6626951210635,103.67083428029467,104.6626951210635
2021-09-09 00:00:00+00:00,105.42661264907073,107.51905777442572,105.42661264907073,107.51905777442572
2021-09-10 00:00:00+00:00,106.1212358546803,106.25349129022496,106.1212358546803,106.25349129022496
2021-09-13 00:00:00+00:00,109.2318720379169,109.93084547842206,109.2318720379169,109.93084547842206
2021-09-14 00:00:00+00:00,112.40065230546058,112.40065230546058,111.1140350962042,111.1140350962042
2021-09-15 00:00:00+00:00,116.76167227978999,116.76167227978999,116.13778371407678,116.13778371407678
2021-09-16 00:00:00+00:00,112.05725296039196,112.05725296039196,108.7523029389611,108.7523029389611
2021-09-17 00:00:00+00:00,110.88124999999998,111.12407024146157,110.88124999999998,111.12407024146157
2021-09-20 00:00:00+00:00,114.53161645347876,116.45334038878693,114.53161645347876,116.45334038878693
2021-09-21 00:00:00+00:00,117.17400645190945,117.17400645190945,116.03249941981952,116.03249941981952
2021-09-22 00:00:00+00:00,115.0408458346638,116.10231240657689,115.0408458346638,116.10231240657689
2021-09-23 00:00:00+00:00,115.35775468384206,116.75669067796645,115.35775468384206,116.75669067796645
2021-09-24 00:00:00+00:00,119.18898401826442,121.47504177660684,119.18898401826442,121.47504177660684
2021-09-27 00:00:00+00:00,127.06831736712074,128.7127059706466,127.06831736712074,128.7127059706466
2021-09-28 00:00:00+00:00,136.12221038615132,136.12221038615132,132.39888228753824,132.39888228753824
2021-09-29 00:00:00+00:00,133.03835578330956,134.26450741418233,133.03835578330956,134.26450741418233
2021-09-30 00:00:00+00:00,145.85171865715955,145.85171865715955,144.44806299856538,144.44806299856538
2021-10-01 00:00:00+00:00,147.15526739505447,147.78190854326567,147.15526739505447,147.78190854326567
2021-10-04 00:00:00+00:00,154.12543711340192,154.16693725743983,154.12543711340192,154.16693725743983
2021-10-05 00:00:00+00:00,163.40814920071142,168.716806828046,163.40814920071142,168.716806828046
2021-10-06 00:00:00+00:00,173.30969963162426,173.30969963162426,150.5756136140413,150.5756136140413
2021-10-07 00:00:00+00:00,143.61460322797583,143.61460322797583,137.4328200789629,137.4328200789629
2021-10-08 00:00:00+00:00,134.07568618569405,134.07568618569405,131.64451693994874,131.64451693994874
2021-10-11 00:00:00+00:00,131.99159318637237,132.48789886820083,131.99159318637237,132.48789886820083
2021-10-12 00:00:00+00:00,132.0574366431259,133.06853625436324,132.0574366431259,133.06853625436324
2021-10-13 00:00:00+00:00,136.1631131488462,136.1631131488462,135.0857090997098,135.0857090997098
2021-10-14 00:00:00+00:00,141.44873718294627,143.6406039208128,141.44873718294627,143.6406039208128
2021-10-15 00:00:00+00:00,142.83997192325728,144.51366726297056,142.83997192325728,144.51366726297056
2021-10-18 00:00:00+00:00,144.83896697598294,144.83896697598294,141.4122510897485,141.4122510897485
2021-10-19 00:00:00+00:00,142.08820045931716,142.08820045931716,140.7450569715151,140.7450569715151
2021-10-20 00:00:00+00:00,142.53457622601212,142.53457622601212,142.51702559438763,142.51702559438763
2021-10-21 00:00:00+00:00,140.10912998624644,140.10912998624644,139.35869920174096,139.35869920174096
